18, -64, -61, -62, -63, -72, -66, -64, -71, -60, -56, -59, -58, -58, -57, -67, -62, -53, -57, -45, -55, -59, -54, -68, -54, -59, -61, -58, -67, 11, 40, 37
19, -66, -69, -64, -66, -54, -63, -63, -62, -60, -57, -58, -57, -57, -54, -58, -58, -57, -52, -53, -45, -51, -50, -60, -57, -55, -58, -58, -60, 11, 40, 37
20, -70, -66, -68, -62, -63, -62, -64, -76, -64, -62, -55, -58, -59, -58, -59, -64, -58, -65, -60, -51, -45, -41, -59, -55, -55, -54, -54, -59, 11, 40, 37
21, -58, -70, -67, -66, -66, -68, -77, -68, -65, -64, -64, -60, -60, -58, -60, -78, -55, -64, -54, -50, -43, -45, -49, -55, -64, -59, -60, -61, 11, 40, 37
22, -49, -70, -58, -70, -62, -60, -62, -59, -62, -59, -54, -56, -60, -59, -60, -54, -72, -54, -64, -60, -57, -43, -45, -45, -49, -44, -55, -58, 11, 40, 37
20, -71, -64, -67, -63, -63, -62, -64, -79, -64, -60, -55, -59, -59, -55, -58, -66, -54, -67, -58, -51, -45, -41, -57, -55, -55, -56, -54, -55, 11, 40, 37
21, -58, -73, -68, -65, -65, -68, -73, -68, -65, -64, -64, -59, -60, -59, -62, -81, -56, -63, -54, -53, -44, -45, -47, -54, -65, -60, -60, -63, 11, 40, 37
22, -47, -68, -58, -66, -62, -60, -60, -60, -63, -60, -54, -56, -60, -59, -61, -58, -70, -54, -62, -60, -57, -43, -45, -45, -46, -44, -54, -60, 11, 40, 37
23, -64, -71, -66, -73, -54, -55, -62, -61, -59, -63, -59, -58, -62, -67, -62, -62, -61, -70, -54, -56, -60, -58, -47, -45, -49, -51, -58, -60, 11, 40, 37
24, -55, -76, -70, -64, -59, -56, -54, -60, -59, -61, -62, -66, -66, -76, -67, -62, -64, -55, -58, -54, -56, -64, -51, -50, -45, -50, -51, -68, 11, 40, 37
25, -45, -68, -58, -59, -64, -58, -58, -69, -60, -54, -58, -59, -65, -71, -66, -60, -61, -58, -60, -59, -54, -54, -45, -49, -45, -45, -45, -57, 11, 40, 37
26, -46, -65, -53, -56, -55, -56, -66, -58, -64, -60, -55, -59, -60, -66, -74, -68, -61, -58, -56, -59, -58, -60, -56, -54, -52, -51, -45, -45, 11, 40, 37
27, -39, -47, -51, -55, -56, -59, -61, -60, -61, -58, -66, -65, -63, -66, -70, -55, -62, -56, -63, -62, -60, -62, -61, -60, -68, -59, -46, -45, 11, 40, 37
0, -45, -47, -57, -60, -64, -62, -75, -64, -62, -62, -66, -66, -64, -62, -70, -60, -67, -68, -66, -70, -75, -58, -55, -66, -57, -51, -47, -41, 11, 40, 37
1, -43, -45, -47, -56, -55, -58, -58, -65, -78, -75, -66, -62, -66, -66, -67, -60, -76, -58, -58, -69, -65, -68, -71, -70, -73, -68, -63, -45, 11, 40, 37
2, -57, -53, -45, -56, -55, -60, -62, -64, -70, -72, -63, -62, -59, -65, -82, -85, -66, -62, -64, -67, -72, -68, -62, -68, -74, -62, -54, -50, 11, 40, 37
3, -56, -58, -54, -45, -50, -59, -60, -73, -74, -60, -60, -62, -59, -58, -63, -62, -66, -60, -62, -65, -65, -63, -70, -73, -64, -59, -56, -54, 11, 40, 37
4, -61, -56, -56, -51, -45, -45, -56, -60, -64, -54, -54, -55, -53, -57, -61, -62, -57, -55, -68, -55, -62, -62, -63, -59, -55, -63, -53, -55, 11, 40, 37
5, -63, -64, -61, -60, -53, -45, -58, -61, -61, -54, -54, -58, -60, -60, -62, -70, -61, -62, -67, -65, -68, -70, -66, -61, -62, -64, -58, -60, 11, 40, 37
6, -75, -58, -62, -60, -54, -53, -45, -45, -51, -47, -55, -59, -56, -60, -56, -60, -61, -58, -64, -66, -66, -74, -63, -64, -54, -60, -66, -62, 11, 40, 37
7, -62, -68, -62, -75, -63, -59, -45, -45, -48, -60, -62, -73, -75, -77, -72, -70, -65, -64, -71, -64, -81, -68, -64, -62, -61, -72, -59, -60, 11, 40, 37
8, -60, -79, -70, -76, -67, -59, -51, -51, -45, -55, -58, -62, -71, -66, -64, -76, -66, -66, -60, -62, -67, -66, -67, -60, -60, -62, -64, -62, 11, 40, 37
9, -60, -76, -70, -60, -58, -49, -47, -60, -54, -45, -50, -58, -62, -68, -62, -73, -66, -74, -58, -55, -62, -63, -62, -64, -61, -59, -60, -58, 11, 40, 37
10, -62, -66, -58, -55, -55, -53, -55, -56, -57, -49, -45, -55, -58, -65, -63, -69, -55, -60, -59, -56, -60, -61, -60, -54, -60, -57, -58, -64, 11, 40, 37
11, -66, -66, -61, -64, -54, -57, -60, -72, -62, -55, -54, -45, -56, -58, -57, -70, -59, -54, -59, -56, -59, -60, -59, -60, -67, -57, -60, -66, 11, 40, 37
12, -63, -69, -58, -58, -56, -55, -58, -75, -70, -62, -60, -55, -45, -53, -58, -61, -53, -53, -59, -56, -58, -60, -62, -64, -68, -67, -60, -63, 11, 40, 37
13, -61, -70, -65, -55, -58, -56, -60, -77, -66, -69, -70, -54, -54, -45, -45, -48, -56, -55, -55, -61, -60, -60, -62, -68, -77, -76, -67, -67, 11, 40, 37
14, -67, -68, -79, -62, -62, -56, -59, -70, -62, -60, -62, -55, -57, -43, -45, -43, -52, -56, -69, -60, -59, -60, -62, -62, -64, -68, -74, -70, 11, 40, 37
15, -54, -61, -80, -63, -62, -65, -55, -67, -73, -70, -69, -68, -59, -45, -44, -45, -55, -55, -58, -59, -66, -78, -59, -60, -61, -61, -67, -58, 11, 40, 37
16, -66, -80, -64, -68, -54, -56, -60, -64, -65, -67, -61, -58, -53, -55, -54, -55, -45, -45, -53, -54, -56, -55, -74, -62, -65, -62, -62, -62, 11, 40, 37
17, -66, -62, -62, -62, -54, -61, -58, -64, -66, -75, -60, -58, -53, -55, -61, -54, -46, -45, -59, -55, -70, -64, -60, -74, -59, -55, -54, -59, 11, 40, 37
18, -64, -61, -62, -63, -71, -65, -64, -71, -60, -60, -60, -58, -58, -54, -70, -62, -53, -58, -45, -55, -60, -54, -65, -58, -59, -62, -56, -63, 11, 40, 37
19, -66, -68, -63, -64, -58, -61, -64, -62, -60, -57, -57, -56, -57, -56, -60, -58, -56, -51, -53, -45, -52, -48, -61, -54, -57, -58, -54, -60, 11, 40, 37
20, -69, -65, -67, -63, -64, -63, -64, -78, -64, -60, -54, -59, -59, -54, -58, -66, -54, -67, -58, -52, -45, -41, -57, -58, -55, -54, -54, -57, 11, 40, 37
21, -59, -72, -66, -64, -65, -68, -74, -68, -65, -64, -64, -59, -60, -57, -62, -80, -56, -63, -54, -51, -43, -45, -47, -54, -65, -60, -60, -62, 11, 40, 37
22, -51, -70, -58, -67, -62, -60, -60, -60, -64, -60, -54, -56, -60, -58, -61, -58, -69, -54, -62, -60, -57, -43, -45, -44, -49, -44, -53, -58, 11, 40, 37
23, -65, -72, -66, -72, -54, -56, -63, -61, -60, -62, -59, -58, -62, -66, -64, -62, -61, -72, -58, -55, -60, -58, -46, -45, -50, -48, -58, -60, 11, 40, 37
24, -55, -75, -72, -64, -60, -59, -54, -60, -59, -61, -62, -66, -66, -78, -66, -62, -64, -55, -58, -54, -56, -64, -51, -48, -45, -50, -51, -68, 11, 40, 37
25, -45, -68, -58, -57, -63, -58, -61, -69, -60, -54, -59, -59, -65, -70, -66, -60, -60, -58, -58, -59, -62, -54, -45, -47, -45, -45, -45, -58, 11, 40, 37
26, -46, -65, -53, -57, -55, -56, -66, -58, -64, -60, -56, -59, -60, -66, -75, -70, -61, -58, -56, -59, -59, -60, -55, -59, -50, -49, -45, -46, 11, 40, 37
27, -39, -47, -51, -55, -57, -59, -62, -60, -62, -56, -67, -65, -62, -66, -71, -55, -62, -58, -63, -63, -60, -62, -60, -62, -74, -61, -49, -45, 11, 40, 37
0, -45, -46, -54, -60, -64, -62, -76, -62, -62, -62, -66, -66, -64, -62, -71, -60, -67, -68, -66, -70, -72, -58, -54, -68, -54, -49, -50, -41, 11, 40, 37
1, -43, -45, -47, -56, -55, -58, -58, -66, -74, -76, -65, -62, -66, -67, -68, -60, -78, -58, -58, -70, -65, -69, -71, -70, -73, -70, -62, -45, 11, 40, 37
2, -57, -52, -45, -56, -58, -60, -62, -64, -71, -74, -63, -62, -59, -66, -82, -85, -66, -63, -64, -67, -71, -68, -62, -70, -76, -62, -55, -53, 11, 40, 37
3, -59, -56, -54, -45, -52, -58, -60, -73, -74, -60, -60, -62, -58, -58, -63, -64, -66, -61, -63, -66, -64, -64, -70, -72, -64, -59, -56, -55, 11, 40, 37
4, -60, -56, -57, -51, -45, -45, -56, -60, -64, -58, -56, -57, -53, -57, -61, -62, -57, -55, -68, -56, -62, -62, -62, -59, -56, -64, -53, -55, 11, 40, 37
5, -62, -64, -60, -60, -53, -45, -58, -60, -61, -54, -54, -58, -60, -60, -62, -72, -61, -63, -67, -65, -67, -70, -66, -61, -62, -64, -58, -60, 11, 40, 37
6, -74, -58, -62, -61, -54, -58, -45, -45, -51, -49, -58, -59, -55, -60, -58, -60, -61, -58, -64, -66, -66, -73, -63, -64, -54, -60, -66, -62, 11, 40, 37
7, -62, -68, -63, -74, -64, -59, -44, -45, -48, -60, -62, -73, -75, -77, -72, -70, -65, -64, -72, -64, -81, -68, -64, -62, -62, -72, -59, -60, 11, 40, 37
8, -60, -78, -70, -76, -68, -59, -51, -51, -45, -55, -58, -62, -71, -66, -64, -76, -65, -66, -60, -62, -67, -66, -67, -60, -60, -63, -64, -62, 11, 40, 37
9, -60, -78, -70, -60, -58, -51, -47, -60, -59, -45, -53, -58, -62, -67, -62, -72, -66, -73, -58, -55, -63, -63, -62, -63, -62, -59, -60, -58, 11, 40, 37
10, -62, -64, -60, -55, -55, -53, -57, -56, -57, -51, -45, -53, -59, -68, -62, -68, -55, -58, -59, -55, -59, -61, -58, -59, -60, -57, -58, -66, 11, 40, 37
11, -66, -66, -61, -64, -54, -56, -60, -72, -63, -55, -54, -45, -56, -54, -57, -71, -59, -54, -59, -56, -59, -60, -56, -60, -67, -60, -60, -66, 11, 40, 37
12, -62, -70, -58, -54, -57, -55, -55, -74, -72, -62, -60, -55, -45, -53, -54, -61, -53, -51, -59, -58, -58, -60, -62, -64, -66, -67, -60, -63, 11, 40, 37
13, -62, -70, -65, -55, -58, -56, -60, -78, -65, -68, -72, -54, -53, -45, -45, -48, -56, -55, -55, -60, -60, -60, -62, -68, -79, -74, -67, -68, 11, 40, 37
14, -67, -68, -80, -62, -62, -56, -59, -70, -64, -60, -62, -55, -57, -43, -45, -43, -52, -58, -68, -61, -59, -60, -62, -62, -64, -69, -74, -70, 11, 40, 37
15, -54, -61, -81, -62, -62, -65, -55, -67, -73, -70, -70, -68, -60, -45, -44, -45, -54, -55, -60, -59, -66, -78, -54, -60, -60, -61, -68, -58, 11, 40, 37
16, -65, -80, -64, -68, -54, -56, -60, -64, -65, -67, -60, -58, -53, -55, -53, -55, -45, -45, -53, -58, -56, -55, -74, -62, -65, -63, -62, -62, 11, 40, 37
17, -66, -62, -62, -62, -54, -61, -59, -64, -66, -74, -60, -58, -54, -55, -61, -54, -47, -45, -59, -55, -70, -64, -60, -74, -59, -56, -54, -60, 11, 40, 37
18, -64, -61, -63, -63, -70, -65, -64, -71, -60, -60, -60, -56, -56, -54, -70, -62, -53, -57, -45, -55, -60, -54, -66, -54, -58, -62, -56, -64, 11, 40, 37
19, -65, -70, -63, -65, -58, -60, -64, -62, -61, -57, -57, -58, -57, -56, -60, -60, -57, -51, -53, -45, -51, -51, -61, -54, -58, -54, -54, -61, 11, 40, 37
20, -69, -65, -66, -62, -62, -62, -64, -78, -65, -60, -54, -59, -59, -54, -58, -66, -54, -67, -55, -51, -45, -41, -58, -57, -54, -54, -54, -55, 11, 40, 38
21, -58, -71, -67, -64, -65, -68, -74, -68, -65, -64, -64, -60, -60, -60, -62, -80, -56, -63, -54, -51, -44, -45, -47, -55, -64, -60, -60, -64, 11, 40, 38
22, -47, -70, -58, -68, -60, -60, -59, -60, -64, -60, -54, -56, -60, -58, -60, -58, -70, -54, -62, -60, -56, -43, -45, -43, -46, -44, -52, -58, 11, 40, 38
23, -65, -70, -68, -71, -54, -55, -62, -61, -57, -62, -58, -58, -62, -65, -63, -63, -61, -72, -58, -55, -59, -57, -46, -45, -50, -48, -57, -61, 11, 40, 38
24, -55, -75, -75, -65, -60, -59, -54, -60, -57, -61, -62, -66, -66, -79, -66, -62, -64, -55, -56, -54, -55, -65, -51, -49, -45, -49, -48, -76, 11, 40, 38
25, -45, -69, -56, -59, -64, -59, -60, -68, -60, -54, -58, -59, -65, -70, -66, -60, -61, -58, -56, -58, -54, -54, -45, -47, -45, -45, -46, -56, 11, 40, 38
26, -46, -64, -53, -57, -55, -56, -66, -58, -64, -60, -56, -58, -60, -66, -76, -72, -62, -59, -55, -56, -59, -60, -55, -54, -49, -51, -45, -47, 11, 40, 38
27, -39, -49, -51, -55, -57, -58, -62, -60, -61, -58, -67, -65, -63, -66, -71, -55, -62, -58, -64, -62, -60, -62, -60, -64, -68, -60, -46, -45, 11, 40, 38
0, -45, -46, -57, -62, -64, -61, -74, -63, -62, -61, -66, -65, -64, -62, -70, -60, -67, -68, -66, -69, -73, -58, -54, -68, -57, -48, -47, -41, 11, 40, 38
1, -43, -45, -46, -55, -56, -58, -57, -66, -75, -77, -66, -63, -68, -66, -67, -60, -77, -56, -58, -70, -65, -68, -70, -70, -70, -70, -62, -45, 11, 40, 38
2, -57, -49, -45, -56, -58, -59, -62, -64, -72, -73, -64, -62, -60, -66, -83, -85, -66, -62, -64, -67, -70, -69, -62, -72, -78, -62, -54, -53, 11, 40, 38
3, -58, -56, -54, -45, -52, -54, -60, -72, -74, -60, -60, -62, -58, -58, -63, -63, -66, -61, -62, -66, -64, -63, -70, -70, -64, -59, -56, -53, 11, 40, 38
4, -60, -55, -56, -51, -45, -45, -56, -60, -64, -58, -54, -55, -53, -58, -61, -62, -57, -55, -68, -55, -62, -62, -62, -59, -55, -63, -53, -57, 11, 40, 38
5, -62, -64, -60, -60, -52, -45, -58, -60, -62, -53, -54, -58, -60, -60, -62, -70, -61, -63, -67, -66, -68, -71, -66, -62, -62, -64, -58, -60, 11, 40, 38
6, -71, -58, -61, -60, -54, -54, -45, -45, -51, -47, -56, -60, -55, -60, -58, -60, -61, -58, -64, -66, -66, -73, -63, -65, -54, -60, -66, -62, 11, 40, 38
7, -62, -68, -62, -74, -64, -56, -45, -45, -51, -61, -62, -72, -74, -77, -72, -70, -65, -64, -72, -64, -80, -68, -64, -62, -62, -73, -60, -61, 11, 40, 38
8, -60, -76, -71, -74, -68, -60, -52, -51, -45, -54, -56, -62, -71, -64, -65, -76, -66, -66, -60, -62, -68, -66, -67, -60, -60, -62, -64, -62, 11, 40, 38
9, -60, -78, -70, -60, -58, -48, -49, -60, -59, -45, -53, -58, -62, -67, -62, -72, -66, -73, -58, -55, -63, -64, -63, -63, -61, -58, -60, -58, 11, 40, 38
10, -63, -65, -60, -55, -55, -53, -57, -56, -57, -50, -45, -54, -59, -67, -62, -69, -56, -58, -59, -55, -59, -61, -60, -59, -60, -58, -58, -65, 11, 40, 38
11, -66, -66, -61, -64, -54, -56, -60, -74, -62, -55, -54, -45, -56, -54, -57, -72, -59, -54, -56, -55, -59, -60, -59, -60, -66, -60, -60, -66, 11, 40, 38
12, -62, -70, -58, -54, -55, -58, -56, -74, -70, -62, -60, -55, -45, -55, -54, -62, -53, -53, -58, -56, -56, -60, -62, -63, -66, -67, -60, -63, 11, 40, 38
13, -62, -70, -65, -58, -58, -58, -60, -77, -66, -69, -70, -54, -54, -45, -45, -50, -56, -55, -55, -60, -60, -60, -62, -68, -80, -74, -67, -68, 11, 40, 38
14, -68, -68, -81, -63, -62, -56, -59, -70, -62, -60, -62, -55, -57, -43, -45, -44, -54, -56, -68, -60, -59, -60, -62, -62, -65, -68, -75, -70, 11, 40, 38
15, -59, -62, -81, -63, -62, -65, -55, -66, -73, -71, -69, -68, -60, -45, -44, -45, -54, -57, -60, -59, -66, -78, -60, -61, -60, -61, -69, -59, 11, 40, 38
16, -65, -80, -64, -68, -54, -58, -61, -64, -65, -67, -61, -58, -53, -55, -54, -56, -45, -45, -50, -57, -59, -55, -74, -62, -65, -62, -62, -62, 11, 40, 38
17, -67, -62, -62, -62, -54, -61, -59, -64, -66, -74, -61, -58, -53, -55, -61, -58, -46, -45, -59, -55, -70, -64, -61, -75, -58, -58, -54, -60, 11, 40, 38
18, -65, -61, -62, -63, -71, -64, -64, -71, -60, -60, -60, -58, -58, -54, -70, -62, -53, -57, -45, -55, -60, -54, -66, -54, -56, -61, -58, -64, 11, 40, 38
19, -65, -70, -63, -66, -58, -60, -64, -62, -61, -58, -57, -58, -58, -56, -60, -58, -57, -51, -53, -45, -52, -51, -60, -54, -58, -54, -54, -61, 11, 40, 38
20, -70, -66, -66, -62, -62, -62, -64, -78, -65, -61, -55, -59, -59, -54, -58, -65, -54, -67, -58, -50, -45, -41, -57, -55, -54, -54, -54, -55, 11, 40, 38
21, -58, -70, -68, -64, -65, -68, -74, -68, -65, -65, -64, -57, -60, -60, -62, -80, -56, -64, -59, -50, -43, -45, -47, -54, -66, -59, -60, -63, 11, 40, 38
22, -50, -70, -54, -69, -60, -60, -60, -60, -64, -60, -54, -57, -60, -59, -60, -58, -69, -54, -62, -60, -57, -43, -45, -44, -47, -44, -52, -58, 11, 40, 38
23, -64, -74, -70, -72, -59, -56, -63, -60, -60, -63, -58, -56, -63, -67, -62, -62, -60, -72, -58, -55, -60, -58, -46, -45, -50, -48, -59, -64, 11, 40, 38
24, -55, -70, -74, -65, -60, -59, -54, -60, -59, -60, -62, -65, -66, -77, -67, -62, -64, -58, -58, -54, -55, -64, -52, -47, -45, -49, -51, -68, 11, 40, 38
25, -45, -70, -56, -57, -64, -59, -54, -68, -60, -60, -59, -58, -64, -71, -66, -63, -60, -58, -57, -59, -60, -54, -45, -46, -45, -45, -45, -55, 11, 40, 38
26, -46, -64, -53, -56, -55, -56, -66, -56, -64, -59, -55, -58, -60, -66, -76, -73, -62, -59, -55, -58, -56, -60, -55, -54, -52, -52, -45, -47, 11, 40, 38
27, -39, -47, -51, -55, -57, -58, -62, -60, -60, -58, -67, -66, -62, -66, -70, -54, -62, -59, -64, -63, -60, -62, -61, -66, -64, -54, -46, -45, 11, 40, 38
0, -45, -49, -54, -62, -65, -61, -73, -63, -62, -62, -66, -66, -64, -62, -71, -60, -66, -68, -66, -69, -74, -55, -55, -66, -54, -51, -47, -41, 11, 40, 38
1, -43, -45, -46, -55, -56, -59, -58, -66, -72, -77, -66, -64, -67, -67, -68, -60, -76, -58, -58, -71, -66, -68, -73, -73, -72, -73, -62, -45, 11, 40, 38
2, -57, -52, -45, -57, -58, -59, -62, -64, -73, -71, -64, -62, -56, -66, -82, -85, -66, -62, -64, -67, -71, -68, -61, -72, -74, -62, -54, -52, 11, 40, 38
3, -59, -56, -53, -45, -53, -54, -60, -72, -74, -60, -60, -63, -58, -58, -62, -63, -66, -61, -62, -66, -64, -63, -70, -72, -65, -59, -56, -53, 11, 40, 38
4, -61, -56, -57, -48, -45, -45, -56, -60, -65, -58, -55, -55, -53, -57, -61, -62, -57, -55, -68, -58, -62, -62, -62, -58, -58, -63, -53, -55, 11, 40, 38
5, -62, -64, -60, -60, -53, -45, -58, -61, -62, -54, -54, -58, -60, -60, -62, -70, -61, -63, -66, -66, -67, -70, -66, -61, -62, -64, -58, -60, 11, 40, 38
6, -70, -58, -61, -60, -55, -54, -45, -45, -51, -50, -56, -59, -58, -60, -58, -60, -61, -58, -64, -66, -66, -73, -62, -63, -54, -60, -66, -63, 11, 40, 38
7, -62, -68, -63, -75, -64, -58, -44, -45, -48, -61, -62, -73, -74, -78, -73, -70, -65, -64, -71, -64, -80, -68, -64, -62, -62, -71, -59, -61, 11, 40, 38
8, -61, -76, -71, -74, -67, -59, -51, -51, -45, -54, -59, -62, -70, -66, -64, -76, -66, -66, -60, -62, -68, -66, -67, -60, -60, -63, -65, -62, 11, 40, 38
9, -60, -78, -70, -60, -56, -48, -47, -60, -59, -45, -53, -59, -62, -68, -62, -72, -66, -73, -58, -54, -62, -64, -62, -64, -61, -58, -60, -58, 11, 40, 38
10, -62, -64, -60, -54, -55, -53, -57, -56, -58, -50, -45, -55, -60, -66, -61, -68, -55, -58, -59, -55, -60, -63, -60, -59, -60, -57, -58, -64, 11, 40, 38
11, -66, -66, -61, -64, -54, -57, -60, -72, -62, -55, -54, -45, -56, -54, -57, -70, -56, -54, -56, -55, -59, -60, -59, -60, -66, -60, -60, -66, 11, 40, 38
12, -64, -69, -55, -54, -55, -58, -58, -75, -72, -63, -59, -56, -45, -54, -54, -62, -53, -53, -56, -56, -58, -60, -63, -64, -66, -67, -60, -63, 11, 40, 38
13, -61, -70, -65, -56, -55, -59, -60, -78, -66, -70, -69, -55, -54, -45, -45, -50, -56, -55, -55, -60, -60, -60, -63, -68, -78, -75, -67, -68, 11, 40, 38
14, -68, -69, -77, -63, -62, -57, -58, -70, -62, -60, -62, -55, -57, -43, -45, -43, -52, -58, -68, -60, -59, -60, -62, -62, -66, -67, -76, -68, 11, 40, 38
15, -60, -61, -82, -62, -62, -65, -56, -67, -73, -70, -69, -67, -60, -45, -44, -45, -54, -55, -60, -58, -66, -78, -54, -61, -61, -63, -71, -57, 11, 40, 38
16, -65, -80, -64, -68, -54, -56, -60, -64, -65, -68, -60, -56, -53, -55, -53, -55, -45, -45, -53, -58, -56, -55, -73, -62, -65, -63, -62, -62, 11, 40, 38
17, -68, -62, -62, -62, -54, -61, -58, -64, -66, -75, -61, -58, -53, -55, -61, -58, -46, -45, -58, -55, -70, -64, -61, -75, -58, -55, -54, -60, 11, 40, 38
18, -64, -61, -62, -63, -71, -64, -64, -70, -60, -60, -60, -58, -58, -54, -70, -63, -51, -58, -45, -55, -60, -54, -66, -54, -59, -62, -58, -64, 11, 40, 38
19, -65, -71, -64, -65, -58, -62, -64, -62, -60, -58, -57, -58, -57, -56, -60, -58, -57, -51, -53, -45, -51, -49, -62, -58, -57, -54, -54, -60, 11, 40, 38
20, -71, -64, -67, -62, -64, -62, -64, -78, -64, -60, -55, -59, -59, -54, -58, -65, -54, -67, -55, -51, -45, -41, -58, -58, -54, -54, -54, -54, 11, 40, 38
21, -58, -70, -67, -65, -65, -69, -73, -68, -65, -64, -64, -59, -60, -60, -62, -81, -56, -63, -54, -51, -44, -45, -47, -54, -64, -60, -60, -63, 11, 40, 38
22, -50, -70, -58, -68, -61, -60, -60, -60, -63, -60, -54, -56, -60, -60, -60, -54, -68, -54, -62, -61, -57, -43, -45, -43, -50, -44, -51, -58, 11, 40, 38
23, -62, -73, -68, -72, -54, -56, -62, -61, -59, -63, -58, -58, -62, -68, -62, -62, -61, -71, -58, -55, -58, -57, -46, -45, -50, -50, -59, -65, 11, 40, 38
24, -55, -74, -73, -65, -60, -59, -54, -60, -59, -62, -62, -64, -66, -77, -68, -63, -64, -58, -58, -57, -55, -64, -51, -51, -45, -49, -51, -64, 11, 40, 38
25, -45, -74, -58, -59, -63, -60, -54, -67, -62, -60, -58, -58, -64, -74, -67, -62, -60, -58, -58, -58, -58, -54, -45, -47, -45, -45, -49, -58, 11, 40, 38
26, -45, -64, -53, -57, -55, -56, -64, -58, -64, -60, -56, -56, -59, -66, -75, -73, -62, -59, -56, -59, -56, -60, -55, -58, -51, -50, -45, -46, 11, 40, 38
27, -39, -47, -51, -55, -57, -58, -62, -60, -61, -59, -66, -66, -64, -66, -70, -55, -62, -59, -64, -63, -58, -62, -62, -63, -64, -54, -47, -45, 11, 40, 38
0, -45, -46, -54, -61, -64, -61, -74, -63, -62, -61, -66, -66, -64, -62, -72, -60, -66, -68, -66, -68, -74, -58, -54, -66, -56, -49, -47, -41, 11, 40, 38
1, -43, -45, -46, -57, -56, -59, -57, -66, -72, -77, -66, -62, -67, -66, -68, -60, -77, -59, -58, -71, -65, -68, -70, -73, -72, -71, -64, -45, 11, 40, 38
2, -57, -51, -45, -56, -56, -59, -62, -64, -73, -73, -64, -62, -56, -66, -81, -86, -66, -62, -64, -68, -70, -69, -62, -69, -75, -62, -55, -52, 11, 40, 38
3, -60, -56, -54, -45, -51, -54, -59, -73, -72, -60, -60, -62, -59, -58, -62, -62, -68, -61, -62, -66, -65, -63, -69, -70, -64, -59, -56, -53, 11, 40, 38
4, -60, -57, -58, -51, -45, -45, -56, -60, -64, -58, -54, -55, -55, -57, -61, -62, -57, -55, -68, -56, -62, -62, -62, -59, -58, -62, -53, -56, 11, 40, 38
5, -62, -64, -60, -60, -53, -45, -58, -60, -61, -54, -58, -58, -60, -60, -62, -70, -61, -63, -67, -66, -67, -71, -67, -60, -62, -64, -55, -60, 11, 40, 38
6, -73, -59, -62, -60, -54, -58, -45, -44, -52, -50, -58, -59, -55, -60, -58, -60, -60, -58, -64, -66, -66, -74, -62, -63, -54, -60, -66, -63, 11, 40, 38
7, -62, -68, -62, -74, -64, -55, -44, -45, -51, -60, -61, -73, -75, -78, -73, -70, -65, -64, -71, -64, -80, -68, -64, -62, -61, -71, -60, -60, 11, 40, 38
8, -61, -76, -72, -73, -68, -59, -51, -49, -45, -56, -56, -62, -70, -66, -65, -76, -66, -66, -60, -62, -67, -66, -66, -60, -60, -63, -64, -62, 11, 40, 38
9, -60, -78, -70, -60, -56, -51, -47, -60, -54, -45, -53, -58, -62, -68, -62, -71, -67, -73, -58, -54, -62, -64, -62, -64, -61, -58, -59, -58, 11, 40, 39
10, -62, -66, -58, -54, -55, -53, -57, -56, -58, -51, -45, -55, -58, -66, -62, -68, -59, -58, -59, -55, -60, -61, -59, -54, -60, -57, -57, -64, 11, 40, 39
11, -65, -66, -61, -64, -54, -56, -59, -73, -62, -56, -54, -45, -55, -56, -57, -70, -56, -54, -59, -58, -59, -60, -59, -60, -66, -57, -60, -66, 11, 40, 39
12, -63, -70, -58, -54, -57, -55, -55, -73, -71, -62, -60, -57, -45, -51, -54, -61, -54, -53, -58, -58, -56, -60, -63, -64, -67, -66, -57, -64, 11, 40, 39
13, -62, -70, -65, -56, -55, -56, -61, -77, -65, -70, -70, -54, -54, -45, -45, -51, -56, -56, -55, -61, -60, -60, -64, -69, -78, -75, -67, -68, 11, 40, 39
14, -68, -68, -78, -62, -62, -55, -58, -70, -62, -63, -64, -55, -57, -43, -45, -43, -52, -58, -68, -60, -58, -59, -62, -62, -66, -66, -76, -68, 11, 40, 39
15, -61, -61, -82, -62, -62, -65, -55, -67, -71, -69, -71, -68, -60, -45, -43, -45, -54, -55, -60, -58, -66, -78, -55, -61, -62, -62, -73, -57, 11, 40, 39
16, -66, -80, -65, -68, -54, -56, -60, -64, -65, -67, -60, -56, -53, -55, -54, -55, -45, -45, -50, -58, -59, -55, -73, -62, -65, -62, -62, -62, 11, 40, 39
17, -68, -62, -62, -62, -54, -60, -59, -64, -66, -75, -61, -58, -54, -55, -61, -54, -46, -45, -59, -55, -70, -64, -61, -73, -59, -58, -55, -60, 11, 40, 39
18, -65, -61, -62, -64, -72, -64, -64, -70, -60, -60, -60, -58, -58, -54, -70, -62, -53, -58, -45, -55, -60, -54, -66, -54, -59, -62, -61, -65, 11, 40, 39
19, -66, -70, -64, -65, -56, -62, -64, -63, -61, -57, -57, -56, -57, -56, -60, -58, -57, -52, -53, -45, -51, -49, -62, -54, -56, -60, -60, -63, 11, 40, 39
20, -70, -65, -66, -63, -63, -62, -64, -77, -65, -60, -55, -59, -59, -54, -58, -66, -60, -67, -58, -50, -45, -41, -54, -55, -53, -54, -59, -54, 11, 40, 39
21, -59, -71, -68, -65, -65, -68, -72, -68, -65, -64, -65, -57, -58, -57, -61, -82, -56, -64, -54, -53, -43, -45, -47, -54, -65, -60, -61, -62, 11, 40, 39
22, -50, -69, -58, -67, -61, -60, -60, -60, -62, -60, -54, -57, -60, -60, -61, -54, -68, -58, -63, -61, -58, -43, -45, -43, -49, -44, -52, -58, 11, 40, 39
23, -64, -74, -67, -71, -54, -55, -62, -60, -59, -62, -59, -56, -62, -67, -63, -62, -61, -71, -58, -56, -58, -57, -46, -45, -49, -50, -58, -62, 11, 40, 39
24, -55, -74, -73, -64, -60, -58, -54, -60, -60, -60, -62, -65, -66, -77, -67, -63, -64, -58, -59, -57, -55, -64, -51, -51, -45, -49, -51, -63, 11, 40, 39
25, -45, -72, -56, -57, -62, -59, -59, -69, -61, -54, -58, -60, -63, -70, -68, -61, -61, -59, -58, -58, -59, -54, -45, -47, -46, -45, -48, -58, 11, 40, 39
26, -45, -66, -53, -56, -55, -56, -66, -58, -64, -60, -55, -58, -59, -66, -76, -72, -62, -58, -56, -60, -58, -60, -56, -58, -51, -51, -45, -46, 11, 40, 39
27, -39, -47, -51, -55, -57, -58, -63, -60, -60, -59, -67, -66, -64, -66, -70, -54, -62, -58, -64, -63, -59, -62, -60, -62, -64, -58, -45, -45, 11, 40, 39
0, -45, -47, -54, -61, -64, -61, -72, -63, -62, -61, -68, -66, -64, -62, -71, -60, -68, -68, -66, -68, -74, -58, -55, -66, -56, -51, -47, -41, 11, 40, 39
1, -43, -45, -46, -55, -56, -59, -58, -65, -75, -73, -66, -63, -66, -67, -68, -61, -77, -58, -58, -70, -66, -70, -71, -70, -72, -68, -63, -45, 11, 40, 39
2, -54, -49, -45, -54, -58, -57, -63, -64, -76, -72, -64, -62, -60, -66, -78, -86, -66, -62, -64, -66, -72, -70, -62, -68, -76, -61, -54, -49, 11, 40, 39
3, -60, -57, -53, -45, -51, -59, -60, -72, -70, -60, -60, -63, -58, -58, -63, -63, -66, -60, -62, -65, -64, -64, -70, -72, -63, -59, -55, -54, 11, 40, 39
4, -60, -58, -53, -53, -45, -45, -57, -60, -66, -58, -55, -57, -53, -57, -62, -61, -57, -55, -70, -54, -62, -62, -62, -58, -58, -64, -54, -56, 11, 40, 39
5, -62, -68, -60, -60, -55, -45, -58, -60, -62, -53, -58, -58, -60, -60, -62, -71, -61, -63, -67, -66, -67, -72, -67, -60, -62, -64, -55, -59, 11, 40, 39
6, -74, -58, -60, -61, -59, -55, -45, -45, -51, -47, -55, -60, -55, -60, -59, -60, -61, -58, -64, -67, -66, -74, -63, -64, -54, -60, -66, -61, 11, 40, 39
7, -62, -68, -63, -88, -66, -59, -45, -45, -51, -60, -62, -71, -73, -76, -74, -70, -65, -64, -70, -65, -80, -69, -64, -62, -62, -73, -59, -61, 11, 40, 39
8, -60, -78, -69, -68, -74, -56, -51, -51, -45, -55, -56, -62, -70, -65, -65, -74, -66, -66, -60, -62, -68, -66, -66, -60, -60, -64, -64, -62, 11, 40, 39
9, -60, -79, -67, -59, -53, -49, -47, -58, -58, -45, -53, -54, -62, -67, -62, -72, -67, -74, -58, -54, -62, -64, -62, -62, -61, -58, -60, -58, 11, 40, 39
10, -64, -65, -59, -55, -53, -54, -56, -57, -58, -50, -45, -53, -60, -66, -62, -69, -55, -59, -59, -56, -60, -62, -60, -54, -60, -58, -58, -66, 11, 40, 39
11, -65, -66, -61, -64, -54, -54, -60, -70, -62, -56, -54, -45, -56, -54, -57, -71, -59, -54, -59, -58, -56, -60, -59, -60, -66, -60, -60, -66, 11, 40, 39
12, -63, -69, -58, -55, -56, -56, -55, -74, -72, -62, -60, -57, -45, -53, -54, -61, -53, -53, -59, -56, -56, -60, -63, -64, -67, -66, -59, -64, 11, 40, 39
13, -62, -70, -65, -55, -55, -56, -60, -80, -66, -69, -69, -54, -54, -45, -45, -51, -56, -55, -55, -61, -60, -60, -63, -69, -78, -74, -67, -68, 11, 40, 39
14, -67, -66, -76, -61, -60, -54, -54, -70, -62, -60, -62, -55, -57, -43, -45, -44, -52, -58, -68, -60, -59, -60, -62, -62, -66, -68, -74, -68, 11, 40, 39
15, -59, -62, -80, -63, -62, -68, -56, -68, -72, -70, -70, -68, -60, -45, -43, -45, -53, -55, -60, -58, -66, -79, -54, -61, -61, -62, -70, -58, 11, 40, 39
16, -66, -78, -65, -64, -57, -58, -60, -64, -65, -68, -61, -58, -53, -55, -53, -55, -45, -45, -53, -57, -59, -55, -72, -62, -64, -63, -62, -62, 11, 40, 39
17, -67, -62, -62, -63, -54, -62, -58, -64, -66, -73, -61, -53, -54, -55, -61, -59, -46, -45, -59, -55, -70, -64, -62, -72, -59, -58, -54, -60, 11, 40, 39
18, -64, -61, -62, -63, -69, -63, -64, -70, -60, -59, -60, -56, -58, -54, -70, -62, -53, -58, -45, -55, -60, -54, -66, -54, -59, -62, -56, -65, 11, 40, 39
19, -65, -68, -64, -64, -56, -60, -63, -62, -60, -58, -57, -58, -58, -56, -57, -58, -57, -50, -53, -45, -51, -49, -63, -54, -56, -58, -55, -61, 11, 40, 39
20, -69, -65, -66, -62, -62, -63, -63, -78, -64, -60, -54, -59, -59, -54, -58, -66, -59, -67, -56, -49, -45, -41, -58, -58, -54, -59, -54, -54, 11, 40, 39
21, -58, -72, -68, -66, -68, -66, -70, -68, -65, -65, -65, -59, -60, -59, -62, -82, -56, -64, -54, -53, -43, -45, -47, -54, -65, -60, -60, -62, 11, 40, 39
22, -49, -70, -58, -66, -60, -62, -58, -60, -62, -59, -54, -56, -60, -60, -61, -54, -68, -55, -62, -60, -57, -43, -45, -43, -49, -45, -53, -58, 11, 40, 39
23, -64, -76, -66, -71, -54, -55, -60, -60, -59, -62, -58, -56, -62, -68, -64, -62, -62, -69, -58, -56, -60, -57, -46, -45, -49, -48, -57, -62, 11, 40, 39
24, -55, -70, -82, -63, -60, -58, -57, -58, -59, -61, -62, -66, -67, -76, -68, -63, -64, -58, -59, -56, -55, -64, -51, -51, -45, -50, -53, -63, 11, 40, 39
25, -45, -72, -57, -57, -62, -56, -59, -69, -61, -60, -58, -59, -63, -70, -67, -61, -61, -59, -58, -58, -58, -54, -46, -47, -45, -45, -47, -56, 11, 40, 39
26, -45, -66, -50, -55, -54, -56, -66, -59, -65, -59, -55, -59, -59, -66, -76, -72, -61, -58, -55, -60, -58, -60, -55, -59, -53, -51, -45, -45, 11, 40, 39
27, -39, -47, -51, -53, -59, -55, -64, -60, -60, -58, -66, -68, -63, -66, -70, -54, -62, -60, -64, -62, -60, -62, -62, -63, -62, -57, -45, -45, 11, 40, 39
0, -45, -49, -54, -62, -66, -61, -72, -64, -62, -61, -68, -66, -64, -62, -70, -60, -67, -68, -66, -69, -74, -58, -53, -66, -56, -48, -47, -41, 11, 40, 39
1, -43, -45, -45, -57, -62, -58, -57, -66, -79, -74, -65, -63, -67, -66, -67, -61, -78, -58, -58, -70, -67, -67, -70, -74, -70, -70, -66, -45, 11, 40, 39
2, -54, -49, -45, -55, -55, -58, -61, -61, -72, -72, -63, -62, -60, -66, -79, -86, -66, -63, -64, -67, -71, -68, -62, -70, -75, -62, -54, -52, 11, 40, 39
3, -58, -57, -55, -45, -54, -57, -58, -66, -66, -55, -59, -62, -59, -58, -62, -63, -66, -60, -63, -66, -65, -63, -68, -69, -65, -59, -57, -54, 11, 40, 39
4, -64, -57, -58, -50, -45, -46, -56, -65, -58, -58, -54, -53, -55, -55, -62, -62, -57, -55, -66, -56, -64, -61, -64, -58, -58, -62, -53, -56, 11, 40, 39
5, -61, -64, -60, -60, -53, -45, -63, -60, -61, -53, -55, -58, -60, -61, -66, -71, -63, -64, -66, -74, -76, -78, -81, -64, -60, -64, -58, -59, 11, 40, 39
6, -73, -60, -61, -60, -54, -57, -45, -44, -52, -50, -58, -58, -58, -60, -60, -60, -62, -58, -64, -66, -66, -71, -64, -69, -63, -64, -63, -62, 11, 40, 39
7, -62, -68, -62, -72, -63, -56, -44, -45, -51, -62, -62, -72, -74, -78, -72, -70, -65, -64, -71, -64, -83, -70, -64, -62, -62, -76, -63, -60, 11, 40, 39
8, -64, -74, -77, -74, -69, -59, -51, -49, -45, -54, -59, -62, -69, -66, -64, -76, -66, -65, -60, -63, -68, -66, -66, -60, -60, -63, -66, -65, 11, 40, 39
9, -66, -80, -67, -60, -55, -51, -47, -59, -54, -45, -53, -58, -62, -68, -62, -72, -66, -72, -58, -55, -63, -63, -61, -62, -61, -58, -60, -56, 11, 40, 39
10, -60, -72, -68, -58, -52, -54, -56, -60, -58, -51, -45, -54, -59, -64, -62, -69, -56, -58, -59, -55, -59, -62, -59, -59, -60, -57, -57, -65, 11, 40, 39
11, -64, -66, -64, -66, -57, -57, -60, -75, -62, -55, -57, -45, -57, -54, -57, -70, -56, -54, -59, -58, -59, -60, -59, -60, -66, -59, -59, -66, 11, 40, 39
12, -64, -70, -54, -64, -56, -58, -54, -73, -71, -62, -60, -57, -45, -54, -54, -61, -54, -53, -56, -58, -59, -60, -63, -64, -68, -66, -59, -64, 11, 40, 39
13, -61, -70, -66, -59, -61, -59, -60, -75, -66, -70, -68, -56, -54, -45, -45, -51, -56, -56, -55, -61, -60, -60, -63, -70, -78, -74, -67, -68, 11, 40, 39
14, -68, -68, -78, -60, -60, -54, -58, -69, -62, -61, -62, -57, -58, -43, -45, -44, -51, -58, -68, -60, -59, -59, -63, -62, -66, -68, -80, -67, 11, 40, 39
15, -59, -62, -83, -62, -65, -66, -58, -66, -69, -68, -68, -66, -60, -45, -44, -45, -55, -55, -60, -58, -67, -78, -55, -61, -62, -63, -72, -59, 11, 40, 39
16, -66, -80, -65, -68, -55, -56, -60, -64, -66, -67, -60, -58, -53, -55, -51, -55, -45, -45, -53, -57, -56, -55, -70, -62, -64, -62, -61, -63, 11, 40, 39
17, -68, -62, -62, -62, -59, -69, -60, -63, -66, -74, -60, -54, -53, -55, -61, -58, -46, -45, -59, -55, -70, -64, -61, -73, -59, -58, -54, -60, 11, 40, 39
18, -65, -61, -62, -64, -67, -68, -64, -68, -60, -60, -59, -58, -59, -54, -70, -62, -53, -57, -45, -55, -60, -54, -65, -54, -59, -62, -55, -66, 11, 40, 39
19, -65, -71, -64, -66, -54, -60, -76, -62, -61, -57, -57, -56, -57, -55, -61, -57, -57, -50, -54, -45, -49, -49, -62, -54, -56, -58, -58, -62, 11, 40, 39
20, -70, -66, -66, -64, -60, -64, -66, -75, -63, -61, -54, -58, -58, -54, -58, -66, -54, -66, -58, -49, -45, -41, -59, -58, -53, -58, -54, -54, 11, 40, 39
21, -58, -70, -68, -64, -68, -68, -68, -70, -64, -63, -64, -60, -60, -59, -62, -79, -56, -64, -54, -50, -43, -45, -49, -59, -64, -60, -60, -63, 11, 40, 39
22, -47, -70, -58, -68, -59, -60, -58, -68, -67, -59, -54, -55, -60, -59, -60, -54, -66, -58, -62, -62, -57, -43, -45, -43, -49, -45, -53, -60, 11, 40, 39
23, -64, -76, -67, -71, -54, -56, -62, -61, -67, -62, -59, -55, -62, -67, -63, -61, -62, -70, -58, -56, -60, -57, -46, -45, -51, -50, -58, -62, 11, 40, 39
24, -55, -71, -74, -66, -60, -57, -56, -60, -61, -64, -61, -64, -67, -76, -67, -64, -64, -58, -59, -57, -55, -63, -49, -51, -45, -47, -53, -62, 11, 40, 39
25, -45, -70, -54, -59, -62, -60, -58, -66, -61, -60, -54, -54, -63, -72, -66, -61, -60, -58, -59, -56, -59, -54, -45, -46, -46, -45, -47, -55, 11, 40, 40
26, -45, -68, -53, -57, -55, -56, -67, -56, -64, -63, -63, -60, -60, -68, -80, -70, -62, -58, -54, -60, -58, -60, -57, -59, -53, -51, -45, -45, 11, 40, 40
27, -39, -49, -48, -55, -57, -58, -63, -60, -60, -60, -66, -69, -62, -64, -70, -55, -62, -58, -65, -62, -59, -62, -62, -62, -62, -57, -45, -45, 11, 40, 40
0, -45, -46, -54, -61, -66, -61, -70, -63, -62, -61, -66, -70, -72, -61, -69, -61, -67, -68, -66, -69, -73, -58, -55, -67, -57, -51, -47, -41, 11, 40, 40
1, -43, -45, -45, -57, -56, -60, -58, -65, -71, -75, -64, -75, -71, -66, -68, -62, -78, -58, -56, -68, -66, -66, -70, -74, -72, -72, -66, -45, 11, 40, 40
2, -54, -49, -45, -57, -58, -59, -62, -62, -70, -75, -65, -63, -72, -82, -92, -84, -66, -64, -63, -67, -69, -68, -62, -70, -72, -62, -54, -50, 11, 40, 40
4, -60, -57, -59, -50, -45, -46, -58, -62, -62, -57, -55, -55, -55, -58, -59, -63, -55, -54, -67, -58, -63, -63, -60, -59, -55, -62, -52, -55, 11, 40, 40
5, -62, -64, -60, -60, -49, -45, -58, -60, -60, -53, -58, -57, -61, -62, -62, -68, -60, -70, -66, -64, -68, -72, -67, -60, -62, -64, -55, -60, 11, 40, 40
6, -72, -58, -62, -61, -55, -58, -45, -45, -51, -47, -58, -59, -55, -60, -55, -60, -60, -55, -76, -66, -68, -70, -63, -64, -54, -60, -66, -62, 11, 40, 40
7, -62, -69, -64, -75, -64, -58, -44, -45, -48, -60, -61, -70, -78, -87, -74, -72, -64, -62, -68, -70, -84, -70, -63, -62, -61, -75, -59, -60, 11, 40, 40
8, -61, -76, -72, -72, -68, -58, -51, -51, -45, -54, -59, -62, -67, -64, -64, -76, -69, -65, -61, -63, -71, -63, -68, -60, -60, -64, -65, -62, 11, 40, 40
9, -60, -82, -76, -60, -55, -51, -47, -60, -59, -45, -51, -59, -62, -75, -64, -70, -66, -74, -58, -58, -64, -68, -60, -63, -60, -60, -59, -59, 11, 40, 40
10, -64, -66, -56, -54, -54, -54, -56, -55, -57, -50, -45, -54, -58, -64, -62, -66, -55, -59, -59, -55, -59, -65, -60, -57, -60, -58, -58, -61, 11, 40, 40
11, -66, -66, -61, -64, -54, -57, -60, -72, -61, -55, -57, -45, -56, -55, -54, -70, -56, -54, -59, -56, -56, -60, -56, -61, -68, -59, -60, -66, 11, 40, 40
12, -64, -71, -58, -54, -57, -58, -58, -70, -67, -62, -60, -55, -45, -53, -54, -61, -54, -53, -58, -56, -58, -58, -63, -64, -66, -63, -62, -65, 11, 40, 40
13, -60, -68, -65, -56, -54, -56, -60, -79, -65, -72, -67, -56, -54, -45, -45, -50, -57, -55, -55, -61, -60, -60, -62, -71, -78, -68, -75, -89, 11, 40, 40
14, -76, -71, -78, -63, -62, -56, -58, -70, -63, -61, -63, -55, -58, -43, -45, -43, -52, -58, -69, -61, -58, -59, -62, -62, -65, -68, -77, -74, 11, 40, 40
15, -54, -62, -68, -61, -62, -67, -59, -70, -73, -70, -70, -67, -64, -45, -44, -45, -53, -54, -57, -59, -64, -79, -55, -62, -62, -62, -68, -57, 11, 40, 40
16, -63, -74, -66, -74, -62, -58, -60, -64, -66, -71, -62, -56, -52, -55, -53, -55, -45, -45, -53, -58, -56, -55, -69, -62, -64, -62, -62, -64, 11, 40, 40
17, -67, -61, -62, -63, -58, -66, -64, -74, -72, -81, -58, -54, -54, -54, -62, -56, -46, -45, -59, -55, -71, -64, -60, -70, -60, -58, -54, -60, 11, 40, 40
18, -66, -61, -63, -63, -71, -66, -64, -69, -61, -66, -61, -64, -59, -54, -76, -60, -54, -55, -45, -55, -60, -54, -65, -54, -59, -62, -55, -66, 11, 40, 40
19, -66, -68, -64, -67, -56, -62, -64, -61, -61, -57, -54, -60, -67, -54, -56, -53, -56, -49, -54, -45, -50, -50, -62, -54, -56, -58, -55, -62, 11, 40, 40
20, -69, -66, -66, -64, -62, -62, -63, -77, -64, -60, -59, -58, -59, -58, -60, -65, -55, -63, -58, -51, -45, -41, -54, -58, -54, -58, -54, -54, 11, 40, 40
21, -54, -70, -67, -65, -66, -68, -74, -67, -65, -65, -67, -58, -68, -56, -61, -71, -56, -66, -54, -53, -43, -45, -47, -54, -64, -59, -60, -62, 11, 40, 40
22, -50, -70, -54, -66, -61, -60, -60, -60, -62, -60, -54, -56, -59, -63, -59, -57, -68, -54, -61, -61, -58, -43, -45, -43, -46, -45, -53, -58, 11, 40, 40
23, -64, -77, -66, -71, -55, -55, -62, -61, -56, -62, -59, -59, -66, -66, -64, -62, -62, -68, -59, -55, -60, -58, -46, -45, -49, -50, -58, -61, 11, 40, 40
24, -55, -75, -70, -65, -60, -59, -54, -60, -57, -61, -62, -62, -67, -69, -77, -72, -62, -59, -58, -56, -56, -64, -52, -51, -45, -50, -52, -62, 11, 40, 40
25, -45, -68, -55, -58, -62, -59, -60, -67, -60, -61, -58, -54, -66, -73, -77, -56, -58, -57, -60, -58, -59, -54, -46, -47, -46, -45, -47, -55, 11, 40, 40
26, -46, -68, -53, -57, -55, -56, -65, -58, -64, -60, -54, -58, -59, -66, -80, -70, -62, -57, -55, -59, -59, -60, -57, -54, -53, -49, -45, -45, 11, 40, 40
27, -39, -47, -48, -54, -57, -54, -62, -60, -61, -58, -65, -65, -62, -66, -67, -64, -63, -55, -66, -62, -60, -60, -62, -62, -62, -57, -45, -45, 11, 40, 40
0, -45, -46, -54, -61, -64, -61, -74, -63, -62, -62, -67, -70, -64, -61, -73, -62, -66, -68, -67, -70, -75, -55, -54, -66, -57, -51, -50, -41, 11, 40, 40
1, -43, -45, -46, -57, -57, -59, -58, -66, -72, -75, -64, -62, -67, -67, -66, -60, -65, -60, -58, -69, -66, -67, -71, -76, -74, -76, -66, -45, 11, 40, 40
2, -54, -52, -45, -56, -60, -59, -62, -64, -75, -77, -63, -62, -59, -66, -79, -90, -70, -62, -64, -68, -70, -68, -62, -70, -72, -62, -55, -52, 11, 40, 40
3, -58, -58, -54, -45, -53, -59, -60, -71, -70, -61, -60, -62, -58, -58, -63, -63, -75, -61, -62, -66, -64, -64, -70, -72, -64, -54, -57, -55, 11, 40, 40
4, -60, -57, -59, -52, -45, -45, -57, -60, -64, -57, -55, -55, -53, -55, -60, -62, -54, -56, -68, -56, -62, -62, -61, -59, -55, -60, -52, -56, 11, 40, 40
5, -62, -65, -60, -60, -49, -45, -56, -60, -60, -54, -58, -58, -60, -61, -63, -69, -60, -62, -68, -66, -68, -72, -66, -60, -62, -64, -58, -60, 11, 40, 40
6, -72, -59, -62, -60, -55, -58, -45, -45, -51, -47, -55, -60, -58, -60, -58, -60, -60, -59, -64, -67, -66, -75, -63, -64, -55, -60, -65, -62, 11, 40, 40
7, -62, -68, -62, -72, -64, -56, -44, -45, -51, -61, -62, -71, -79, -76, -72, -68, -65, -70, -70, -66, -79, -69, -63, -62, -62, -72, -59, -60, 11, 40, 40
8, -61, -78, -72, -72, -68, -56, -51, -49, -45, -55, -59, -62, -69, -64, -66, -74, -66, -76, -61, -62, -67, -66, -66, -60, -60, -64, -65, -62, 11, 40, 40
9, -60, -78, -72, -60, -56, -48, -49, -60, -58, -45, -53, -54, -62, -70, -64, -70, -68, -70, -58, -55, -62, -64, -62, -64, -62, -58, -60, -58, 11, 40, 40
10, -62, -64, -60, -56, -55, -54, -57, -56, -57, -51, -45, -55, -58, -66, -60, -71, -56, -64, -54, -56, -60, -63, -54, -59, -60, -58, -57, -64, 11, 40, 40
11, -65, -66, -61, -64, -54, -56, -60, -72, -62, -58, -54, -45, -56, -58, -57, -67, -59, -72, -54, -55, -58, -60, -59, -60, -66, -59, -60, -66, 11, 40, 40
12, -64, -69, -58, -54, -56, -55, -58, -74, -70, -61, -60, -56, -45, -52, -54, -61, -53, -54, -67, -54, -60, -60, -64, -65, -66, -66, -59, -64, 11, 40, 40
13, -61, -70, -66, -55, -58, -56, -60, -78, -65, -70, -70, -54, -54, -45, -45, -51, -56, -54, -64, -72, -63, -59, -61, -71, -72, -70, -66, -66, 11, 40, 40
14, -67, -67, -76, -62, -62, -56, -59, -70, -64, -62, -63, -56, -57, -43, -45, -44, -52, -56, -74, -57, -62, -62, -65, -62, -68, -68, -74, -68, 11, 40, 40
15, -54, -62, -68, -65, -63, -66, -59, -69, -76, -69, -66, -67, -59, -45, -45, -45, -52, -53, -61, -54, -65, -78, -59, -61, -60, -62, -69, -58, 11, 40, 40
16, -65, -72, -62, -67, -55, -59, -60, -64, -65, -66, -61, -58, -53, -55, -53, -55, -45, -43, -49, -54, -61, -55, -72, -65, -64, -64, -62, -66, 11, 40, 40
17, -68, -65, -64, -61, -54, -60, -59, -64, -67, -74, -62, -58, -53, -55, -61, -54, -46, -45, -59, -54, -73, -68, -61, -66, -58, -54, -56, -57, 11, 40, 40
18, -66, -61, -62, -63, -72, -64, -64, -72, -60, -59, -56, -58, -59, -54, -73, -63, -55, -58, -45, -54, -60, -55, -64, -54, -59, -61, -55, -68, 11, 40, 40
19, -71, -72, -64, -64, -58, -60, -64, -63, -60, -58, -57, -57, -60, -55, -62, -58, -59, -51, -53, -45, -49, -50, -62, -54, -55, -54, -55, -62, 11, 40, 40
20, -73, -65, -66, -63, -62, -62, -63, -80, -64, -60, -55, -58, -59, -54, -59, -66, -58, -66, -54, -49, -45, -41, -55, -58, -55, -58, -54, -55, 11, 40, 40
21, -58, -72, -68, -65, -66, -68, -74, -68, -66, -64, -65, -59, -60, -59, -61, -85, -56, -64, -54, -52, -43, -45, -47, -59, -64, -57, -60, -62, 11, 40, 40
22, -50, -68, -58, -68, -60, -62, -60, -60, -62, -60, -54, -56, -60, -59, -61, -54, -68, -54, -62, -62, -57, -43, -45, -43, -49, -44, -53, -60, 11, 40, 40
23, -64, -78, -68, -71, -54, -55, -62, -60, -57, -63, -58, -58, -62, -67, -62, -61, -62, -69, -57, -55, -57, -58, -46, -45, -49, -50, -58, -62, 11, 40, 40
24, -55, -74, -69, -65, -57, -59, -54, -61, -57, -61, -63, -64, -67, -76, -68, -63, -66, -58, -59, -56, -55, -63, -49, -51, -45, -47, -52, -64, 11, 40, 40
25, -47, -74, -56, -57, -64, -60, -60, -69, -63, -58, -58, -59, -64, -72, -66, -63, -59, -59, -58, -54, -58, -54, -46, -47, -45, -45, -46, -55, 11, 40, 40
26, -46, -68, -53, -57, -55, -56, -64, -58, -64, -60, -54, -59, -60, -66, -75, -74, -62, -59, -55, -58, -58, -60, -58, -58, -53, -50, -45, -45, 11, 40, 40
27, -39, -49, -51, -55, -58, -54, -62, -60, -60, -59, -66, -66, -64, -64, -68, -56, -62, -56, -64, -63, -59, -62, -62, -62, -61, -57, -45, -45, 11, 40, 40
0, -45, -46, -54, -61, -64, -60, -75, -63, -62, -61, -68, -66, -64, -62, -71, -61, -66, -68, -68, -70, -75, -58, -54, -67, -56, -51, -47, -41, 11, 40, 40
1, -42, -45, -46, -56, -57, -60, -58, -66, -74, -77, -66, -62, -67, -68, -68, -60, -78, -58, -56, -67, -67, -66, -76, -86, -69, -74, -65, -46, 11, 40, 40
2, -54, -49, -45, -57, -59, -59, -62, -64, -72, -74, -64, -62, -60, -66, -78, -84, -65, -62, -64, -67, -71, -68, -62, -72, -70, -63, -55, -53, 11, 40, 40
3, -59, -57, -55, -45, -52, -58, -60, -70, -70, -61, -60, -62, -58, -58, -64, -64, -66, -61, -62, -66, -64, -64, -71, -72, -65, -54, -57, -54, 11, 40, 40
4, -60, -56, -58, -53, -45, -45, -56, -60, -64, -58, -55, -55, -53, -57, -61, -61, -57, -55, -67, -55, -62, -62, -61, -59, -55, -60, -53, -55, 11, 40, 40
5, -62, -65, -60, -60, -52, -45, -56, -60, -60, -54, -58, -58, -60, -60, -62, -73, -62, -64, -68, -65, -67, -72, -68, -60, -62, -65, -58, -57, 11, 40, 40
6, -72, -59, -62, -60, -54, -58, -45, -45, -51, -49, -56, -59, -55, -60, -58, -59, -60, -58, -64, -66, -66, -74, -63, -62, -55, -60, -64, -62, 11, 40, 40
7, -62, -69, -63, -74, -64, -56, -44, -45, -51, -60, -61, -72, -74, -78, -73, -67, -65, -64, -70, -64, -80, -69, -64, -62, -62, -72, -59, -60, 11, 40, 40
8, -61, -77, -73, -72, -68, -58, -51, -49, -45, -54, -56, -62, -70, -65, -65, -75, -66, -66, -61, -62, -66, -65, -66, -60, -60, -64, -64, -63, 11, 40, 40
9, -60, -80, -73, -60, -58, -51, -47, -60, -59, -45, -53, -54, -62, -70, -62, -72, -67, -70, -59, -55, -62, -64, -61, -63, -62, -58, -60, -58, 11, 40, 40
10, -63, -65, -60, -55, -55, -54, -57, -56, -57, -50, -45, -54, -54, -66, -62, -68, -56, -56, -59, -55, -60, -61, -60, -54, -60, -58, -56, -64, 11, 40, 40
11, -64, -66, -62, -64, -54, -56, -60, -72, -62, -55, -57, -45, -56, -54, -57, -68, -56, -54, -59, -56, -58, -60, -58, -60, -66, -60, -60, -67, 11, 40, 40
12, -63, -69, -58, -54, -57, -55, -55, -74, -70, -62, -60, -55, -45, -53, -54, -62, -53, -54, -58, -56, -56, -60, -63, -64, -68, -66, -60, -64, 11, 40, 40
13, -61, -70, -67, -55, -55, -59, -60, -78, -66, -71, -70, -54, -54, -45, -45, -50, -56, -53, -55, -62, -60, -60, -63, -69, -76, -74, -67, -66, 11, 40, 40
14, -70, -65, -75, -64, -60, -56, -58, -68, -62, -60, -62, -55, -57, -42, -45, -43, -52, -56, -74, -59, -55, -60, -63, -62, -69, -66, -71, -69, 11, 40, 41
15, -59, -62, -74, -64, -61, -64, -56, -66, -72, -72, -69, -68, -60, -45, -43, -45, -53, -55, -62, -56, -70, -75, -55, -60, -60, -64, -66, -59, 11, 40, 41
16, -66, -81, -64, -68, -54, -59, -60, -64, -66, -67, -61, -58, -54, -55, -54, -55, -45, -45, -50, -58, -56, -55, -70, -62, -66, -62, -62, -63, 11, 40, 41
17, -68, -62, -62, -62, -54, -62, -58, -64, -66, -74, -61, -58, -54, -55, -62, -59, -46, -45, -59, -54, -68, -64, -61, -71, -56, -58, -55, -60, 11, 40, 41
18, -66, -61, -62, -63, -71, -65, -64, -70, -60, -60, -60, -58, -56, -54, -73, -62, -53, -58, -45, -55, -60, -54, -66, -54, -59, -62, -55, -65, 11, 40, 41
19, -67, -69, -63, -65, -58, -61, -64, -62, -60, -58, -58, -58, -58, -55, -59, -58, -57, -50, -54, -45, -51, -50, -62, -54, -56, -54, -55, -63, 11, 40, 41
20, -74, -67, -68, -64, -63, -62, -63, -77, -64, -61, -54, -58, -59, -54, -62, -70, -54, -66, -58, -51, -45, -41, -59, -58, -54, -58, -54, -54, 11, 40, 41
21, -58, -70, -68, -65, -66, -68, -74, -68, -65, -65, -64, -59, -60, -57, -60, -88, -56, -64, -54, -53, -43, -45, -47, -54, -64, -57, -60, -62, 11, 40, 41
22, -49, -74, -54, -70, -60, -60, -60, -60, -62, -59, -54, -56, -60, -60, -60, -54, -68, -54, -62, -60, -57, -43, -45, -43, -49, -44, -54, -59, 11, 40, 41
23, -64, -86, -68, -71, -54, -55, -61, -60, -58, -62, -59, -56, -63, -69, -63, -59, -62, -71, -58, -55, -60, -58, -47, -45, -49, -51, -57, -61, 11, 40, 41
24, -54, -71, -68, -66, -60, -59, -54, -60, -59, -61, -62, -64, -66, -76, -66, -63, -65, -58, -58, -56, -55, -63, -49, -51, -45, -49, -53, -61, 11, 40, 41
25, -45, -73, -59, -57, -60, -60, -58, -68, -60, -59, -59, -59, -64, -70, -65, -60, -60, -58, -60, -58, -59, -54, -45, -47, -46, -45, -47, -54, 11, 40, 41
26, -46, -66, -54, -57, -55, -56, -64, -56, -64, -60, -55, -59, -60, -66, -73, -70, -62, -58, -54, -60, -59, -60, -57, -58, -54, -51, -45, -45, 11, 40, 41
27, -39, -47, -51, -54, -56, -58, -60, -60, -61, -58, -64, -66, -64, -65, -72, -55, -64, -56, -64, -65, -56, -62, -61, -60, -62, -56, -45, -45, 11, 40, 41
0, -45, -46, -54, -61, -64, -60, -74, -64, -62, -61, -66, -66, -64, -62, -71, -60, -68, -70, -67, -69, -75, -58, -54, -65, -56, -49, -50, -41, 11, 40, 41
1, -43, -45, -46, -55, -56, -60, -58, -66, -74, -78, -66, -62, -66, -66, -70, -60, -78, -58, -58, -67, -68, -68, -75, -86, -67, -68, -62, -45, 11, 40, 41
2, -54, -51, -45, -57, -60, -59, -62, -64, -74, -75, -64, -62, -60, -66, -90, -84, -66, -62, -64, -66, -71, -68, -61, -72, -70, -64, -55, -53, 11, 40, 41
3, -60, -57, -54, -45, -54, -58, -60, -72, -70, -60, -60, -62, -58, -58, -63, -63, -66, -61, -62, -66, -64, -64, -71, -70, -66, -54, -56, -53, 11, 40, 41
4, -60, -56, -59, -51, -45, -45, -57, -60, -64, -58, -55, -55, -53, -56, -63, -63, -57, -55, -68, -56, -62, -62, -61, -58, -58, -62, -51, -53, 11, 40, 41
5, -62, -64, -60, -60, -49, -45, -58, -60, -60, -51, -58, -58, -60, -60, -62, -70, -61, -63, -68, -65, -68, -72, -66, -60, -62, -64, -58, -56, 11, 40, 41
6, -72, -59, -62, -60, -55, -58, -45, -45, -51, -50, -56, -59, -58, -60, -56, -60, -61, -59, -64, -66, -66, -74, -63, -62, -54, -60, -66, -62, 11, 40, 41
7, -62, -69, -63, -75, -64, -58, -44, -45, -51, -60, -61, -73, -74, -78, -72, -68, -64, -64, -70, -64, -79, -68, -64, -62, -62, -72, -59, -60, 11, 40, 41
8, -61, -76, -72, -71, -67, -59, -49, -51, -45, -58, -59, -61, -70, -66, -64, -74, -66, -66, -60, -62, -66, -66, -66, -60, -60, -63, -64, -63, 11, 40, 41
9, -60, -79, -73, -60, -56, -51, -47, -60, -59, -45, -51, -58, -62, -70, -62, -74, -67, -74, -58, -55, -62, -64, -62, -63, -62, -58, -61, -58, 11, 40, 41
10, -63, -65, -60, -55, -55, -54, -57, -56, -57, -50, -45, -54, -54, -68, -63, -69, -56, -61, -58, -56, -54, -61, -58, -55, -58, -57, -57, -63, 11, 40, 41
11, -66, -66, -62, -64, -54, -56, -60, -73, -62, -55, -54, -45, -56, -54, -57, -70, -59, -54, -56, -56, -58, -60, -56, -59, -66, -60, -60, -68, 11, 40, 41
12, -62, -69, -55, -54, -56, -55, -55, -74, -70, -62, -60, -55, -45, -51, -54, -62, -55, -54, -58, -56, -59, -60, -64, -64, -67, -67, -60, -64, 11, 40, 41
13, -62, -69, -66, -58, -55, -59, -60, -78, -66, -71, -71, -54, -54, -45, -45, -51, -56, -55, -55, -60, -60, -60, -63, -71, -76, -75, -70, -66, 11, 40, 41
14, -69, -67, -75, -62, -62, -56, -58, -68, -62, -60, -62, -55, -57, -42, -45, -45, -52, -57, -66, -60, -57, -61, -62, -60, -68, -66, -70, -69, 11, 40, 41
15, -54, -62, -82, -62, -63, -66, -54, -67, -72, -70, -70, -68, -60, -45, -43, -45, -53, -55, -60, -57, -66, -77, -54, -59, -62, -62, -68, -58, 11, 40, 41
16, -66, -81, -64, -68, -54, -59, -60, -64, -65, -68, -61, -55, -53, -55, -53, -55, -45, -45, -53, -54, -59, -55, -72, -63, -65, -62, -62, -64, 11, 40, 41
17, -68, -62, -62, -62, -54, -61, -58, -64, -66, -75, -61, -58, -54, -55, -60, -59, -47, -45, -59, -54, -70, -64, -61, -73, -60, -56, -54, -59, 11, 40, 41
18, -66, -62, -62, -63, -70, -64, -63, -70, -60, -60, -57, -58, -58, -54, -70, -62, -53, -58, -45, -55, -60, -54, -65, -54, -59, -62, -55, -64, 11, 40, 41
19, -65, -69, -63, -65, -56, -61, -64, -62, -60, -58, -58, -57, -57, -55, -60, -57, -56, -52, -52, -45, -51, -50, -62, -54, -56, -54, -58, -62, 11, 40, 41
20, -76, -68, -66, -63, -64, -63, -63, -76, -64, -60, -55, -58, -59, -54, -58, -65, -54, -67, -55, -52, -45, -41, -58, -58, -54, -58, -54, -59, 11, 40, 41
21, -59, -71, -67, -65, -65, -69, -74, -68, -66, -65, -64, -59, -60, -56, -61, -78, -56, -63, -54, -53, -43, -45, -47, -54, -64, -60, -60, -62, 11, 40, 41
22, -47, -73, -54, -68, -61, -60, -60, -60, -62, -59, -54, -56, -60, -59, -60, -54, -68, -54, -62, -61, -57, -43, -45, -44, -46, -45, -53, -59, 11, 40, 41
23, -63, -83, -68, -70, -59, -55, -62, -61, -59, -62, -60, -58, -63, -68, -62, -62, -61, -70, -57, -55, -59, -58, -49, -45, -51, -49, -57, -60, 11, 40, 41
24, -55, -70, -68, -67, -60, -56, -54, -60, -59, -62, -62, -64, -66, -77, -66, -64, -64, -58, -58, -54, -55, -64, -52, -51, -45, -49, -53, -61, 11, 40, 41
25, -45, -67, -59, -57, -62, -56, -59, -69, -61, -59, -54, -60, -64, -71, -66, -60, -61, -59, -60, -57, -58, -54, -46, -47, -47, -45, -47, -53, 11, 40, 41
26, -46, -64, -53, -57, -55, -56, -66, -58, -64, -60, -55, -58, -60, -68, -72, -70, -60, -58, -54, -60, -59, -60, -57, -54, -54, -51, -45, -45, 11, 40, 41
27, -39, -49, -51, -54, -56, -57, -60, -60, -63, -58, -66, -67, -64, -66, -70, -55, -63, -58, -62, -62, -56, -62, -67, -60, -64, -56, -44, -45, 11, 40, 41
0, -45, -49, -54, -62, -65, -62, -74, -64, -62, -62, -68, -66, -64, -62, -72, -60, -68, -70, -66, -68, -77, -58, -55, -66, -54, -49, -47, -41, 11, 40, 41
1, -42, -45, -45, -56, -56, -60, -58, -65, -75, -76, -66, -62, -67, -65, -68, -60, -75, -58, -60, -69, -66, -68, -81, -83, -67, -67, -66, -45, 11, 40, 41
2, -54, -52, -45, -57, -59, -60, -62, -64, -72, -74, -64, -62, -60, -66, -78, -83, -66, -62, -64, -66, -70, -68, -61, -74, -70, -62, -54, -52, 11, 40, 41
3, -59, -57, -54, -45, -53, -59, -60, -74, -70, -60, -60, -62, -59, -58, -62, -63, -66, -61, -62, -66, -65, -64, -70, -69, -66, -54, -56, -53, 11, 40, 41
4, -60, -57, -59, -51, -45, -45, -57, -60, -64, -58, -54, -55, -53, -56, -62, -62, -57, -55, -67, -54, -62, -62, -63, -59, -58, -62, -52, -53, 11, 40, 41
5, -62, -64, -61, -60, -50, -45, -58, -60, -61, -53, -58, -58, -60, -60, -62, -70, -62, -64, -67, -66, -68, -70, -66, -61, -62, -64, -58, -56, 11, 40, 41
6, -71, -59, -62, -60, -55, -58, -45, -45, -51, -49, -58, -60, -58, -60, -58, -60, -61, -58, -64, -67, -66, -75, -64, -63, -54, -60, -67, -62, 11, 40, 41
7, -62, -68, -63, -75, -63, -59, -44, -45, -48, -60, -62, -74, -74, -80, -73, -70, -64, -64, -71, -64, -79, -68, -64, -62, -62, -72, -59, -60, 11, 40, 41
8, -61, -80, -70, -73, -68, -59, -51, -51, -45, -55, -58, -62, -70, -66, -64, -74, -66, -66, -60, -62, -67, -66, -66, -60, -60, -62, -65, -63, 11, 40, 41
9, -60, -76, -72, -60, -56, -51, -47, -60, -59, -45, -51, -59, -62, -70, -62, -72, -67, -73, -58, -54, -62, -64, -61, -63, -62, -58, -60, -58, 11, 40, 41
10, -62, -64, -60, -56, -53, -54, -55, -56, -58, -50, -45, -54, -54, -67, -61, -70, -56, -60, -59, -56, -54, -61, -59, -55, -60, -57, -57, -64, 11, 40, 41
11, -65, -66, -62, -64, -54, -56, -60, -72, -62, -55, -54, -45, -56, -54, -57, -71, -56, -54, -59, -55, -58, -60, -56, -60, -66, -60, -60, -66, 11, 40, 41
12, -63, -67, -56, -54, -56, -56, -58, -74, -70, -62, -60, -55, -45, -54, -59, -62, -53, -53, -58, -56, -59, -60, -63, -64, -67, -67, -60, -64, 11, 40, 41
13, -61, -68, -66, -58, -58, -58, -60, -78, -66, -70, -71, -54, -55, -45, -45, -51, -56, -55, -55, -60, -60, -60, -63, -71, -77, -76, -68, -67, 11, 40, 41
14, -68, -67, -74, -62, -62, -57, -60, -68, -62, -63, -62, -55, -57, -43, -45, -44, -51, -58, -66, -60, -59, -60, -62, -62, -66, -66, -74, -67, 11, 40, 41
15, -54, -60, -82, -62, -62, -65, -55, -67, -73, -70, -70, -68, -59, -45, -43, -45, -54, -55, -57, -57, -67, -77, -55, -61, -62, -62, -68, -57, 11, 40, 41
16, -66, -78, -64, -68, -54, -59, -60, -64, -65, -68, -61, -58, -53, -55, -53, -55, -45, -45, -53, -57, -59, -55, -72, -62, -65, -63, -61, -62, 11, 40, 41
17, -68, -62, -62, -62, -54, -62, -56, -64, -66, -76, -61, -58, -54, -55, -60, -54, -47, -45, -54, -55, -71, -64, -61, -72, -60, -58, -54, -60, 11, 40, 41
18, -65, -62, -62, -64, -70, -64, -64, -70, -60, -60, -60, -56, -58, -54, -69, -62, -51, -58, -45, -55, -60, -54, -66, -54, -56, -63, -55, -63, 11, 40, 41
19, -65, -68, -64, -65, -56, -61, -64, -62, -61, -57, -58, -58, -58, -55, -60, -58, -56, -54, -53, -45, -51, -49, -62, -53, -56, -58, -56, -60, 11, 40, 41
20, -73, -67, -66, -63, -63, -62, -64, -78, -65, -60, -57, -58, -59, -54, -59, -64, -54, -68, -55, -51, -45, -41, -58, -55, -54, -54, -54, -59, 11, 40, 41
21, -58, -70, -66, -65, -66, -68, -74, -69, -65, -65, -64, -59, -60, -56, -61, -78, -56, -63, -54, -53, -44, -45, -47, -54, -65, -59, -60, -62, 11, 40, 41
22, -50, -87, -54, -70, -62, -60, -60, -60, -63, -56, -54, -56, -60, -58, -60, -54, -72, -54, -62, -59, -58, -43, -45, -44, -49, -45, -53, -64, 11, 40, 41
23, -62, -82, -71, -70, -54, -55, -62, -61, -57, -62, -57, -58, -62, -67, -62, -62, -62, -69, -58, -55, -59, -58, -49, -45, -50, -50, -58, -60, 11, 40, 41
24, -55, -68, -68, -67, -60, -59, -57, -60, -59, -62, -62, -64, -66, -81, -67, -62, -65, -59, -56, -54, -56, -63, -53, -51, -45, -48, -53, -62, 11, 40, 41
25, -45, -68, -58, -57, -63, -56, -59, -69, -59, -60, -58, -60, -64, -73, -68, -61, -61, -56, -60, -59, -59, -54, -46, -47, -46, -45, -46, -53, 11, 40, 41
26, -46, -68, -53, -56, -55, -56, -66, -58, -64, -60, -54, -59, -60, -68, -74, -71, -61, -58, -54, -60, -57, -59, -56, -55, -53, -50, -45, -45, 11, 40, 41
27, -39, -47, -51, -53, -56, -58, -60, -60, -62, -58, -66, -66, -63, -65, -68, -56, -63, -56, -62, -62, -59, -62, -63, -60, -64, -57, -44, -45, 11, 40, 41
0, -45, -49, -54, -62, -64, -60, -72, -63, -62, -61, -68, -66, -64, -61, -72, -60, -68, -70, -66, -69, -77, -56, -54, -65, -54, -49, -48, -41, 11, 40, 41
1, -43, -45, -46, -56, -57, -57, -58, -66, -78, -75, -66, -63, -65, -64, -66, -60, -76, -58, -59, -68, -67, -68, -83, -76, -66, -68, -62, -45, 11, 40, 41
2, -57, -50, -45, -57, -59, -60, -62, -64, -72, -74, -64, -62, -59, -66, -81, -84, -66, -62, -64, -67, -70, -68, -61, -76, -70, -62, -55, -53, 11, 40, 41
3, -58, -57, -54, -45, -53, -58, -59, -73, -70, -60, -60, -62, -58, -58, -62, -63, -66, -60, -62, -66, -64, -64, -70, -70, -66, -54, -55, -53, 11, 40, 41
4, -60, -57, -59, -52, -45, -45, -57, -60, -64, -58, -54, -55, -53, -56, -62, -62, -57, -55, -68, -56, -62, -62, -63, -58, -58, -63, -52, -55, 11, 40, 41
5, -62, -64, -60, -60, -52, -45, -58, -60, -61, -51, -55, -58, -60, -60, -62, -70, -61, -63, -67, -66, -67, -71, -66, -61, -62, -63, -58, -60, 11, 40, 41
6, -72, -59, -62, -61, -54, -58, -45, -45, -51, -49, -58, -59, -58, -60, -58, -60, -61, -58, -64, -66, -66, -74, -64, -64, -54, -60, -66, -62, 11, 40, 41
7, -62, -68, -63, -74, -64, -59, -44, -45, -48, -60, -62, -73, -74, -78, -72, -69, -65, -64, -71, -65, -81, -68, -64, -62, -62, -74, -59, -60, 11, 40, 42
8, -62, -81, -71, -72, -68, -59, -49, -51, -45, -55, -58, -62, -70, -66, -65, -75, -66, -66, -60, -62, -68, -66, -66, -60, -60, -62, -64, -63, 11, 40, 42
9, -60, -77, -70, -61, -56, -49, -47, -60, -59, -45, -53, -59, -62, -70, -62, -72, -66, -74, -59, -55, -62, -64, -61, -63, -62, -58, -60, -56, 11, 40, 42
10, -63, -67, -60, -56, -55, -54, -57, -58, -58, -50, -45, -54, -54, -68, -62, -68, -56, -60, -59, -56, -60, -61, -59, -59, -60, -59, -57, -65, 11, 40, 42
11, -66, -66, -62, -64, -54, -57, -59, -72, -62, -55, -57, -45, -56, -54, -57, -71, -57, -54, -59, -55, -58, -60, -56, -60, -66, -60, -60, -68, 11, 40, 42
12, -62, -68, -58, -54, -56, -55, -55, -75, -70, -62, -60, -55, -45, -52, -54, -61, -53, -51, -59, -58, -56, -60, -62, -64, -67, -69, -60, -64, 11, 40, 42
13, -62, -70, -67, -55, -58, -59, -60, -78, -66, -72, -70, -58, -54, -45, -45, -48, -56, -55, -54, -60, -60, -60, -62, -68, -80, -74, -69, -68, 11, 40, 42
14, -68, -68, -77, -62, -62, -56, -59, -69, -62, -61, -62, -55, -57, -43, -45, -44, -52, -58, -69, -60, -59, -59, -62, -60, -66, -67, -70, -69, 11, 40, 42
15, -60, -61, -80, -63, -62, -66, -55, -68, -72, -71, -71, -68, -60, -45, -43, -45, -54, -55, -60, -58, -65, -77, -55, -60, -59, -62, -68, -58, 11, 40, 42
16, -67, -78, -64, -68, -54, -59, -60, -64, -65, -67, -61, -58, -53, -55, -53, -55, -45, -45, -53, -57, -59, -55, -75, -62, -66, -62, -61, -64, 11, 40, 42
17, -68, -62, -62, -62, -54, -62, -58, -64, -66, -74, -60, -58, -53, -55, -62, -54, -46, -45, -59, -55, -72, -64, -60, -71, -60, -58, -54, -59, 11, 40, 42
18, -65, -62, -62, -64, -71, -65, -64, -71, -60, -60, -60, -56, -58, -58, -70, -62, -51, -57, -45, -55, -60, -54, -66, -54, -58, -62, -55, -62, 11, 40, 42
